Id;Name;CreationDate;UpdateDate;CreatedByUserId;UpdatedByUserId;Deleted;Caso;New Univeristy Name
0c789439-06f8-4be3-8f71-013fa9374dd4;Instituto Politécnico do Porto - Instituto Superior de Contabilidade e Administração do Porto;2021-09-05 20:25:36;;;;FALSO;1;
463115b8-9713-45df-9935-01ef37595bab;Universidade do Porto - Faculdade de Belas-Artes;2021-09-05 20:25:36;;;;FALSO;1;
ac3ee8d2-3c30-4c9b-a7c0-03751b06c5ba;Escola Superior de Saúde Norte da Cruz Vermelha Portuguesa;2021-09-05 20:25:36;;;;FALSO;1;
ef1b553d-b00d-406b-b5f9-05bcb31f937f;Wrocalw University of Economics;2021-10-25 16:22:00;;;;VERDADEIRO;1;
4034f32a-5610-4791-8151-05f2b651cae5;Instituto Superior Manuel Teixeira Gomes;2021-09-05 20:25:36;;;;FALSO;1;
b0c1f93a-5c72-423d-9fcd-08db068711de;Instituto Politécnico de Coimbra - Escola Superior de Tecnologia da Saúde de Coimbra;2021-09-05 20:25:36;;;;FALSO;1;
2c3ac788-aebb-4871-9735-0e3c5575af8c;Universidade de Évora - Escola de Artes;2021-09-05 20:25:36;;;;FALSO;1;
13395b8b-b0ce-4ab9-be8d-0ea282270157;Faculdade de Ciências da Universidade do Porto;2021-10-07 21:38:49;;;;VERDADEIRO;1;
bc5c5c4e-9251-4704-b88f-0f1dad40c8c4;Instituto Superior de Ciências Educativas;2021-09-05 20:25:36;;;;FALSO;;
5398ff0c-0a5b-4cd2-926d-0f4638eab686;Instituto Politécnico de Beja - Escola Superior Agrária;2021-09-05 20:25:36;;;;FALSO;;
200a580b-9a41-4499-8e6e-1015a3469e0e;FEUP - ICBAS;2021-09-05 20:25:36;;;;FALSO;;
928f820c-aa7d-4e5b-840f-101719aeaafd;Instituto Politécnico de Coimbra - Escola Superior Agrária de Coimbra;2021-09-05 20:25:36;;;;FALSO;;
2d523613-aa93-4e79-9891-1157527cfb3b;fsg- faculdade da serra gaucha;2021-09-17 18:46:42;;;;VERDADEIRO;;
749d51de-99d7-4f22-b86e-1199cf9c3901;Università di Padova;2021-10-12 19:49:45;;;;VERDADEIRO;;
364da659-c2cf-4490-a44f-148e0bb734ce;IADE - Creative University;2021-09-14 08:55:10;;;;VERDADEIRO;;
0511d7d3-3467-4ef6-8cab-150a9a3a3b40;Escola Superior de Enfermagem de Coimbra;2021-09-05 20:25:36;;;;FALSO;;
91243fe1-8433-43fd-8f1c-155a719d9c09;nada;2021-10-29 11:38:12;;;;VERDADEIRO;;
31e1a75f-d99b-482d-a042-15bbe3f90856;uftm;2021-09-05 20:25:36;;;;FALSO;;
d2e5e687-61bd-43ad-b33b-1777f2033ea2;Universidade Federal do Rio Grande do Sul;2021-09-16 13:12:46;;;;VERDADEIRO;;
fbdc0cf0-c5c5-4ad8-965c-18ca7874e201;Instituto Politécnico de Bragança - Escola Superior de Tecnologia e de Gestão de Bragança;2021-09-05 20:25:36;;;;FALSO;;
80bce192-80be-43bc-a17f-1b8cdf1026b9;UNIVERCIDADE;2021-09-16 15:00:22;;;;VERDADEIRO;;
d066bb83-9322-471d-8674-2047bf231141;instituto superior de contabilidade e administração de Lisboa;2021-09-16 14:15:08;;;;VERDADEIRO;;
9bd0a11c-41c3-4d98-9eb3-20c43ac2972b;Escola Superior de Saúde da Cruz Vermelha Portuguesa - Lisboa;2021-09-05 20:25:36;;;;FALSO;;
b12fe395-5781-4f6f-a7a6-22a602f2e2b9;Porto Business School;2021-09-14 12:51:41;;;;VERDADEIRO;;
0fd0d40e-df76-462a-8e3d-27b3cb2b03fc;Escola Superior de Educação de Paula Frassinetti;2021-09-05 20:25:36;;;;FALSO;;
96b7f7d8-12f7-40bc-b3b1-27ee37a3193c;Instituto Politécnico de Lisboa - Escola Superior de Teatro e Cinema;2021-09-05 20:25:36;;;;FALSO;;
6ec89358-773c-4760-8d50-27f4286fd013;IADE;2021-09-05 20:25:36;;;;FALSO;;
4af37646-2d7e-402b-9234-281dfbb92f53;Universidade Católica Portuguesa - Faculdade de Direito (Porto);2021-09-05 20:25:36;;;;FALSO;;
e51ef759-4405-4288-8d41-29fad5eb04fb;University of Amsterdam;2021-09-05 20:25:36;;;;FALSO;;
be454b13-2e26-4472-887b-2a3fdf970adb;Universidade De Direito de Lisboa;2021-09-05 20:25:36;;;;FALSO;;
95e58802-9c2a-47a0-8c0f-2c634854dd19;FACHA;2021-09-05 20:25:36;;;;FALSO;;
648e858c-9596-429e-9b59-2e250afea0ed;universidade do minho - direito;2021-09-05 20:25:36;;;;FALSO;;
593bc88b-2eb7-4664-a7c4-2eb9f2e8b645;Universidades de Portugal;2021-10-27 11:02:59;;;;VERDADEIRO;;
2543665d-f7f8-46e5-9368-31fed1fbbe3f;Católica Lisbon School of Business and Economics;2021-09-18 14:29:25;;;;VERDADEIRO;;
31168507-922e-4fe0-a185-3254e5c0f971;Universidade da Madeira - Faculdade de Ciências Exatas e da Engenharia;2021-09-05 20:25:36;;;;FALSO;;
23faf9ff-60d3-40be-ae35-325821776f47;Estácio de Sá;2021-09-05 20:25:36;;;;FALSO;;
0ad1a8c0-5164-4f31-8c4d-32718f728c2a;UFAL;2021-09-30 12:02:57;;;;VERDADEIRO;;
540c2be5-862b-4033-b320-338ce56f4f7a;universidade São Tomás de Moçambique;2021-10-11 09:44:05;;;;VERDADEIRO;;
0a2735a2-71c2-480f-830e-33c2d36be113;Nova SBE;2021-10-19 09:01:57;;;;VERDADEIRO;;
5e51372b-f09d-4299-9c60-34208d14fa61;Carnegie Mellon University;2021-09-16 16:08:01;;;;VERDADEIRO;;
21933cd5-a9d9-470c-be8f-39c9b47d95ad;Instituto Politécnico de Castelo Branco - Escola Superior de Artes Aplicadas;2021-09-05 20:25:36;;;;FALSO;;
cbf7bbbc-673b-4c31-9493-39cbbe35d0e2;instituto superior de engenharia de Coimbra;2021-09-05 20:25:36;;;;FALSO;;
277327f5-52c0-4e1a-aa92-3a01ea1f6594;FEUP;2021-10-27 11:25:17;;;;VERDADEIRO;;
e4171137-b0f1-42bb-88f3-3ee8cc4c86d2;UTAD;2021-09-14 12:52:21;;;;VERDADEIRO;;
8075e686-4a32-41a9-8c3e-3f0b52a440e9;ESCS;2021-10-23 13:08:01;;;;VERDADEIRO;;
797835df-1df6-43f4-b2f9-40a7b7cb8079;ISEG -Instituto Superior de Economia e Gestão da Universidade de Lisboa;2021-09-28 08:36:12;;;;VERDADEIRO;;
63bba00b-3c62-47f1-9630-40befc1a5711;ISPGAYA;2021-09-29 00:04:45;;;;VERDADEIRO;;
cdd952b2-ce6f-47e1-8bed-414d250f10d8;Instituto Superior de Tecnologias Avançadas de Lisboa (Porto);2021-09-05 20:25:36;;;;FALSO;;
5dd9601a-a94a-440d-bc3a-414fc0263e6a;ISLA - Instituto Superior de Gestão e Administração de Santarém;2021-09-05 20:25:36;;;;FALSO;;
70b950d5-238b-4068-8b31-4255d7a3e99a;Wroclaw University of Economics;2021-10-25 16:22:20;;;;VERDADEIRO;;
6546ed07-faa8-47e4-89df-4298426fd4e2;Instituto Politécnico Jean Piaget do Sul - Escola Superior de Educação Jean Piaget de Almada;2021-09-05 20:25:36;;;;FALSO;;
772c9bf9-f481-4ccb-9b41-4534ab8ffa0f;Universidade Presbiteriana Mackenzie;2021-09-08 14:41:55;;;;VERDADEIRO;;
c1023730-6719-413c-9a83-46f7cad9c902;UNIVERSIDADE NOVA LISBOA - IMS;2021-09-16 16:36:37;;;;VERDADEIRO;;
8d0a2f68-1657-45cf-80a9-4aeca568a587;Instituto Superior de Ciências Policiais e Segurança Interna;2021-09-05 20:25:36;;;;FALSO;;
5a567050-7ce2-49c2-8e93-4af86a907989;Instituto Politécnico da Guarda - Escola Superior de Turismo e Hotelaria;2021-09-05 20:25:36;;;;FALSO;;
d2c7461a-464d-4bf0-9ea5-4b2e500c1e3f;Universidade Católica Portuguesa - Faculdade de Ciências Humanas;2021-09-05 20:25:36;;;;FALSO;;
92d10373-1140-4215-930c-4bb86b3c132d;Universidade Católica Portuguesa - Centro Regional das Beiras;2021-09-05 20:25:36;;;;FALSO;;
6fe249d5-bb6c-4e3a-8812-4c9f22fd6947;Universidade de Aveiro;2021-09-05 20:25:36;;;;FALSO;;
d1010705-b308-4510-8cec-4ce4270fc6d1;Centro Universitario de Joao Pessoa;2021-09-19 15:05:05;;;;VERDADEIRO;;
fa7e1d33-7652-4b7b-82ff-4f6836e90d6e;fep;2021-09-05 20:25:36;;;;VERDADEIRO;;
ff990177-15fe-4fbc-b393-4f7246d6dec5;IEBS;2021-09-16 14:45:40;;;;VERDADEIRO;;
00ee7760-fd70-4da9-bafd-4fb607eb2197;Instituto Superior D. Dinis;2021-09-05 20:25:36;;;;FALSO;;
63e436e7-2045-48a9-9870-504605243a00;Faculdades Integradas Barros Melho;2021-09-07 11:26:48;;;;VERDADEIRO;;
cb15c373-713c-4969-b015-50a7671de7ae;Instituto Universitário da Maia;2021-09-05 20:25:36;;;;FALSO;;
7e2750e4-177b-414c-a5c9-5227cea6d31b;Instituto Politécnico de Leiria - Escola Superior de Saúde;2021-09-05 20:25:36;;;;FALSO;;
3bf00368-a64e-49cb-b4a9-52b8df2e66be;Universidade de Aveiro - Escola Superior de Tecnologia e Gestão de Águeda;2021-09-05 20:25:36;;;;FALSO;;
403c76a3-4dfe-4a0a-9d81-531f85f05893;Instituto Politécnico do Porto - Escola Superior de Tecnologia e Gestão;2021-09-05 20:25:36;;;;FALSO;;
519427f4-094b-4145-80fb-54048293d863;Instituto Politécnico de Beja - Escola Superior de Educação;2021-09-05 20:25:36;;;;FALSO;;
19197b67-f4f3-4eb3-a951-542184b23426;Universidade Europeia;2021-09-05 20:25:36;;;;FALSO;;
5d1613de-6092-4bad-a66d-546ac15873f2;Universidade do Minho - Escola Superior de Enfermagem;2021-09-05 20:25:36;;;;FALSO;;
2c7745a6-cbb6-437a-b46e-547821d4c367;ISEC Lisboa - Instituto Superior de Educação e Ciências;2021-09-05 20:25:36;;;;FALSO;;
520bbff4-4ed0-45eb-b67d-5547edcde7c2;Instituto Politécnico de Tomar - Escola Superior de Tecnologia de Abrantes;2021-09-05 20:25:36;;;;FALSO;;
ce11d6c7-386e-469f-b03f-55cd23960092;ISCAP;2021-09-05 20:25:36;;;;FALSO;;
57affa5b-5745-4d8a-8ee9-56c8e8f5e5fe;Universidade de Lisboa - Instituto de Geografia e Ordenamento do Território;2021-09-05 20:25:36;;;;FALSO;;
fdcd1f0c-f06d-493b-b7fc-574dc29191a0;Escola Superior Artística do Porto;2021-09-05 20:25:36;;;;FALSO;;
ff325318-1cb6-4b9a-b815-57c92b28b14a;Instituto Politécnico de Viseu - Escola Superior de Saúde de Viseu;2021-09-05 20:25:36;;;;FALSO;;
9e21099f-9bb0-4b3a-a490-581ff329c72b;Instituto Superior Politécnico Gaya - Escola Superior de Ciência e Tecnologia;2021-09-05 20:25:36;;;;FALSO;;
4946a166-03f6-4f9d-bab7-582de2773a6a;Universidade de Lisboa - Instituto Superior Técnico (Tagus Park);2021-09-05 20:25:36;;;;FALSO;;
fbe9e3ab-3ba8-4c56-8b15-59559b05add2;Escola Superior de Saúde Jean Piaget de Viseu;2021-09-05 20:25:36;;;;FALSO;;
8f9218ea-ae81-4e0c-9a8f-598e66728825;Universidade Católica Portuguesa - Escola Superior de Biotecnologia;2021-09-05 20:25:36;;;;FALSO;;
c1393375-7718-44dc-8cf1-59c69fd69424;Instituto Superior de Ciências Empresariais e do Turismo;2021-09-05 20:25:36;;;;FALSO;;
906121ac-7e4d-4af2-ad07-59f7e33051e2;Universidade Católica Portuguesa - Faculdade de Direito;2021-09-05 20:25:36;;;;FALSO;;
af84b7fe-2d77-4192-ab4d-5a3432c9d037;Escola Superior de Hotelaria e Turismo do Estoril;2021-09-05 20:25:36;;;;FALSO;;
eb8ad009-a3e3-44db-94b6-5c37ee925980;Instituto Superior de Estudos Interculturais e Transdisciplinares de Viseu;2021-09-05 20:25:36;;;;FALSO;;
3a7b63c2-3e86-4219-a131-5e796df9bc31;ISMAI;2021-09-05 20:25:36;;;;FALSO;;
80c0bc10-0be5-4a97-b1d8-5eaa50376d98;Universidade de Coimbra - Faculdade de Economia;2021-09-05 20:25:36;;;;FALSO;;
7eb35243-ec00-446d-b021-5efdab501803;Liceu Jose Afonso;2021-10-28 18:59:45;;;;VERDADEIRO;;
d6db8ce5-e8ab-4b3c-8c84-5f0fde0a3707;Universidade Católica Portuguesa - Faculdade de Filosofia e Ciências Sociais;2021-09-05 20:25:36;;;;FALSO;;
2f6ad8c8-16f8-4830-92f5-5f3b002b1d82;Universidade do Algarve - Faculdade de Economia;2021-09-05 20:25:36;;;;FALSO;;
d4d63874-69d2-443c-b9e1-5f4cbf0891a4;Instituto Politécnico de Portalegre - Escola Superior de Saúde;2021-09-05 20:25:36;;;;FALSO;;
6290df0b-e156-4afd-a6ad-5fa0b217694e;ISVOUGA;2021-09-29 22:35:08;;;;VERDADEIRO;;
c80ffe59-dbe5-4c2d-8ffd-6023b1779dc6;Instituto Politécnico de Santarém - Escola Superior de Gestão e Tecnologia de Santarém;2021-09-05 20:25:36;;;;FALSO;;
c869ca1c-1cb0-48c1-af3e-603b0d9d09d4;Universidade Nova de Lisboa - Instituto Superior de Estatística e Gestão de Informação;2021-09-05 20:25:36;;;;FALSO;;
22ae4f30-a5a4-433b-9b78-60a9c2ac886a;Universidade do Porto - Faculdade de Economia;2021-09-05 20:25:36;;;;FALSO;;
57fc49d1-74c6-4c19-869d-61b87a9c537c;Instituto Politécnico da Lusofonia - Escola Superior de Ciências da Administração;2021-09-05 20:25:36;;;;FALSO;;
fcb58bc2-0dfe-4ee3-a7ef-63072e53d150;Universidade Lusíada - Norte - Vila Nova de Famalicão;2021-09-05 20:25:36;;;;FALSO;;
517eeecc-474e-475f-8e0e-638b50e594d7;Universidade de Lisboa - Faculdade de Belas-Artes;2021-09-05 20:25:36;;;;FALSO;;
62808c2b-56f2-445a-b6bb-63c08dda3bdc;Instituto Politécnico de Lisboa - Instituto Superior de Engenharia de Lisboa;2021-09-05 20:25:36;;;;FALSO;;
adbe418a-3529-46a6-be29-63d94c684117;Universidade Nova de Lisboa - Faculdade de Economia;2021-09-05 20:25:36;;;;FALSO;;
07a76ef3-be4d-4fc9-8474-646d0e2a22ac;Universidade da Madeira - Faculdade de Artes e Humanidades;2021-09-05 20:25:36;;;;FALSO;;
3392af38-6b88-4d36-ab8c-64cf636dcf24;Universidade de Évora - Escola de Ciências e Tecnologia;2021-09-05 20:25:36;;;;FALSO;;
1b6f6d52-8dda-480e-bedc-65a3d0a936d6;Faculdade de Ciências da Saúde de São Paulo;2021-09-17 14:40:57;;;;VERDADEIRO;;
fcd20308-814e-40f2-9d1b-65ed95d0075c;Universidade do Porto - Faculdade de Ciências da Nutrição e da Alimentação;2021-09-05 20:25:36;;;;FALSO;;
5f5c6413-ba07-4304-9af0-660986b4048c;UNISINOS;2021-09-07 08:56:39;;;;VERDADEIRO;;
fa8e67aa-1804-4e64-87cd-66391b9017a1;Escola Superior de Enfermagem Cruz Vermelha Portuguesa - Alto Tâmega;2021-09-05 20:25:36;;;;FALSO;;
31111e04-04a7-4d4e-a8bf-665dd4e5fb55;Instituto Politécnico de Castelo Branco - Escola Superior Agrária de Castelo Branco;2021-09-05 20:25:36;;;;FALSO;;
0994c7d8-333a-407b-be9d-673bbc8fb535;Instituto Politécnico de Portalegre - Escola Superior de Educação e Ciências Sociais;2021-09-05 20:25:36;;;;FALSO;;
d085c976-41f6-49af-8cd4-67743fe51e7c;UNiversidade Nova de Lisboa-IMs;2021-09-29 12:10:38;;;;VERDADEIRO;;
b857a8a6-2394-4e37-8c8f-682ecd4495fd;Universidade Fernando Pessoa;2021-09-05 20:25:36;;;;FALSO;;
a17e7cc1-92ba-49cd-8db2-68a814a7d473;Instituto Politécnico do Porto - Escola Superior de Media Artes e Design;2021-09-05 20:25:36;;;;FALSO;;
3150f2ca-970c-49e0-bed9-6a97c10a0a16;Universidade de Lisboa - Faculdade de Motricidade Humana;2021-09-05 20:25:36;;;;FALSO;;
b7cb32ac-07ba-4bac-a114-6bd8bb3c1bdb;Universidade do Porto - Instituto de Ciências Biomédicas Abel Salazar;2021-09-05 20:25:36;;;;FALSO;;
55fae92d-c20f-4b0b-b240-6bf2f82b3f26;Instituto Politécnico de Lisboa - Escola Superior de Tecnologia da Saúde de Lisboa;2021-09-05 20:25:36;;;;FALSO;;
b0fe25eb-4ab4-4768-b063-6bfd3cc86327;Universidade da Madeira - Faculdade de Ciências Sociais;2021-09-05 20:25:36;;;;FALSO;;
8fa9c51a-78ab-4b9a-a500-6c938c7de863;Instituto Politécnico de Portalegre - Escola Superior Agrária de Elvas;2021-09-05 20:25:36;;;;FALSO;;
e047654f-e120-4693-ab36-6cb29b0f9877;Instituto Politécnico de Tomar - Escola Superior de Tecnologia de Tomar;2021-09-05 20:25:36;;;;FALSO;;
a677bd77-74d8-4fae-90ab-6d0ca80e95f1;UFPE;2021-09-05 20:25:36;;;;FALSO;;
d797936b-2f94-4a79-8646-6eaad188417e;UFRJ;2021-10-28 20:50:31;;;;VERDADEIRO;;
208d1514-5ce8-4be7-9fa2-6f6759f76e44;Universidade do Algarve - Escola Superior de Saúde;2021-09-05 20:25:36;;;;FALSO;;
05be3a3d-80c3-406b-9a88-6fa8e81cf0c7;Universidade de Trás-os-Montes e Alto Douro - Escola de Ciências Humanas e Sociais;2021-09-05 20:25:36;;;;FALSO;;
999a3178-0db1-4f23-9d16-6fbdda91e4ff;Universidade de Trás-os-Montes e Alto Douro - Escola de Ciências Agrárias e Veterinárias;2021-09-05 20:25:36;;;;FALSO;;
fcb6b6b7-eb56-4bd7-a56c-70031b01f363;NOVA IMS;2021-09-16 20:11:43;;;;VERDADEIRO;;
1cd1b793-5b91-4b83-99a3-709c73f44a58;;2021-09-05 20:25:36;;;;FALSO;;
0d9430d0-f3ab-4288-a540-70e9a4e3c2d3;Universidade do Minho;2021-09-05 20:25:36;;;;FALSO;;
da2a2441-7a1e-41b0-bd75-715af8b40857;Instituto Superior Miguel Torga;2021-09-05 20:25:36;;;;FALSO;;
fd9c5ae2-3197-41a9-bab9-7223a717c1cc;Escola Superior de Enfermagem de Lisboa;2021-09-05 20:25:36;;;;FALSO;;
a918c224-e571-4231-966a-7227e975e5df;Instituto Politécnico de Viana do Castelo - Escola Superior de Tecnologia e Gestão;2021-09-05 20:25:36;;;;FALSO;;
fafc6c57-3bcc-41ba-a4bf-722e05f2ade6;Instituto Politécnico de Castelo Branco - Escola Superior de Tecnologia de Castelo Branco;2021-09-05 20:25:36;;;;FALSO;;
755b101f-66ca-4e24-9cab-725fd34ea415;Escola Superior de Negócios Atlântico;2021-09-05 20:25:36;;;;FALSO;;
5335d4e3-86ef-4119-955f-7315dc30e214;Universidade de Évora - Escola de Ciências Sociais;2021-09-05 20:25:36;;;;FALSO;;
e92894db-e57e-4e36-a656-73a557e5d4ce;Universidade dos Açores - Faculdade de Ciências e Tecnologia;2021-09-05 20:25:36;;;;FALSO;;
a2d78739-7494-4d22-b238-73bd86f52230;Universidade de Lisboa - Faculdade de Medicina;2021-09-05 20:25:36;;;;FALSO;;
de799d95-17aa-43e9-971b-7431457f5fec;PUCRS - Pontifícia Universidade Católica do Rio Grande do Sul;2021-09-16 11:28:27;;;;VERDADEIRO;;
b12c4c56-8a93-4944-9584-7455e9851851;Escola Superior Gallaecia;2021-09-05 20:25:36;;;;FALSO;;
4293ac5c-b329-42f2-8c6a-74b110a38836;Instituto Politécnico de Leiria - Escola Superior de Artes e Design;2021-09-05 20:25:36;;;;FALSO;;
310fc2ae-45ef-41c4-8482-74bac34d6538;Universidade do Porto - Faculdade de Medicina Dentária;2021-09-05 20:25:36;;;;FALSO;;
6132e2dc-3d29-44d6-895c-752c8a10096c;Instituto Politécnico de Viana do Castelo - Escola Superior de Ciências Empresariais;2021-09-05 20:25:36;;;;FALSO;;
85c5fdb5-6677-43eb-954f-756ef26a9bab;Universidade de Coimbra - Faculdade de Ciências e Tecnologia;2021-09-05 20:25:36;;;;FALSO;;
5bdfd8f4-6c35-4968-a5a4-76244c75df44;Instituto Politécnico do Porto - Escola Superior de Música e Artes do Espectáculo;2021-09-05 20:25:36;;;;FALSO;;
3df96861-8b28-44c2-a4ed-76d44b1759d0;Instituto Politécnico de Castelo Branco - Escola Superior de Educação de Castelo Branco;2021-09-05 20:25:36;;;;FALSO;;
38f55050-1082-40fb-ad94-7824cb9bdc23;Instituto Superior de Estudos Interculturais e Transdisciplinares de Almada;2021-09-05 20:25:36;;;;FALSO;;
7bcf690c-707a-43a6-acce-786ce72d848d;Instituto Superior de Ciências da Informação e da Administração;2021-09-05 20:25:36;;;;FALSO;;
6c041391-4aea-464e-9b60-78c8df4e20a0;National Research University Higher School of Economics;2021-09-18 17:45:37;;;;VERDADEIRO;;
78ee4b59-11b0-43ed-ba64-79bae27f04c2;Instituto Politécnico do Porto - Escola Superior de Hotelaria e Turismo;2021-09-05 20:25:36;;;;FALSO;;
51bf70d7-b50d-42fe-90e1-7b9c23e7e9cc;Instituto Politécnico do Cávado e do Ave - Escola Superior de Tecnologia;2021-09-05 20:25:36;;;;FALSO;;
f164f2ff-51e0-458b-b0eb-7b9e401d76a3;Universidade de Trás-os-Montes e Alto Douro - Escola de Ciências da Vida e do Ambiente;2021-09-05 20:25:36;;;;FALSO;;
547e662f-d10f-4b67-bc27-7bcef0a1af5a;Universidade Nova de Lisboa - Faculdade de Ciências e Tecnologia;2021-09-05 20:25:36;;;;FALSO;;
45ce22fb-4c07-4d52-9ded-7c0226d7f685;Universidade Nova de Lisboa - Faculdade de Ciências Sociais e Humanas;2021-09-05 20:25:36;;;;FALSO;;
96b74692-6258-491f-8676-7c5c638276c1;Universidade Lusiada Lisboa;2021-10-29 12:36:48;;;;VERDADEIRO;;
891cc7a0-a922-4a5e-b76b-7c8f770a127e;Universidade de Caxias do Sul - UCS;2021-09-05 20:25:36;;;;FALSO;;
3374a730-3c47-430e-92d3-7d1471e7f51d;Faculdade de Economia da Universidade de Coimbra;2021-10-04 15:13:33;;;;VERDADEIRO;;
d058d081-10a8-488b-b2a4-7d76ed2eef4d;Instituto Politécnico de Santarém - Escola Superior de Desporto de Rio Maior;2021-09-05 20:25:36;;;;FALSO;;
121c89dd-b647-489b-841d-7dac66795962;Edinburgh Napier University;2021-09-15 20:08:20;;;;VERDADEIRO;;
bc60bcb6-2848-4066-8c37-7e4a529e8222;Instituto Politécnico de Lisboa - Escola Superior de Música;2021-09-05 20:25:36;;;;FALSO;;
f9af7fc3-ec40-4d6a-943b-810637d39850;Instituto Politécnico de Santarém - Escola Superior de Saúde de Santarém;2021-09-05 20:25:36;;;;FALSO;;
fe707603-77d0-455d-8662-824feb79c80a;Coventry University UK;2021-09-05 20:25:36;;;;FALSO;;
118fe0f4-ae5b-4848-a578-82eace7c8741;Universidade dos Açores - Escola Superior de Saúde - Ponta Delgada;2021-09-05 20:25:36;;;;FALSO;;
6d7ee128-0c28-4346-a592-838ce3942d9d;IFPI;2021-10-27 14:32:25;;;;VERDADEIRO;;
0b35ddf3-309e-4187-9648-841615eb25cd;Escola Superior de Turismo e Hotelaria do Estoril;2021-09-05 20:25:36;;;;FALSO;;
64bece7f-f50c-4674-b294-84f379199eed;Instituto Politécnico de Lisboa - Escola Superior de Dança;2021-09-05 20:25:36;;;;FALSO;;
68318dbb-0487-467c-84a8-85c82fea03f5;Instituto Politécnico de Beja - Escola Superior de Tecnologia e de Gestão;2021-09-05 20:25:36;;;;FALSO;;
5d57bfe4-e54c-4762-8591-86b606c74d8e;Universidad Complutense de Madrid;2021-09-29 07:17:49;;;;VERDADEIRO;;
4741d4a0-339d-4cf1-bcbe-87c9bd2dedd7;Universidade do Porto - Faculdade de Medicina;2021-09-05 20:25:36;;;;FALSO;;
199ac1bf-48c0-4495-bb13-87dd04c85972;Universidade de Lisboa - Faculdade de Ciências;2021-09-05 20:25:36;;;;FALSO;;
13fae593-5513-4997-afd9-88038738c24c;Universidade do Algarve - Instituto Superior de Engenharia;2021-09-05 20:25:36;;;;FALSO;;
37dd3d9f-9cbc-4eaa-96e9-887b5bbbcfe6;EAE Business School;2021-10-20 08:52:57;;;;VERDADEIRO;;
3a85742e-3de2-49f7-b705-889038759d02;Unigran Europa;2021-09-05 20:25:36;;;;FALSO;;
3bce3dc0-17a2-4250-b16e-897b97c59780;Universidade de Lisboa - Faculdade de Medicina Veterinária;2021-09-05 20:25:36;;;;FALSO;;
bdf1b7c6-63df-4038-a613-8a964beb088e;Escola Superior de Educação de Viseu;2021-09-05 20:25:36;;;;FALSO;;
1f155524-53d2-4226-9b35-8aea4c95514f;Universidade Lusófona de Humanidades e Tecnologias;2021-09-05 20:25:36;;;;FALSO;;
6e73ea74-cdd1-4d60-9bb2-8aed3994cc07;Instituto Politécnico Jean Piaget do Sul - Escola Superior de Tecnologia e Gestão Jean Piaget;2021-09-05 20:25:36;;;;FALSO;;
453f6801-43bc-4fee-a515-8b85b41c4550;Universidade da Madeira - Escola Superior de Tecnologias e Gestão;2021-09-05 20:25:36;;;;FALSO;;
919409bd-d140-44a3-bb8d-8b9164b4d8dd;IPAM;2021-09-05 20:25:36;;;;FALSO;;
03894b24-a628-4bd7-afec-8bb2703b8762;Universidade Autónoma de Lisboa Luís de Camões;2021-09-05 20:25:36;;;;FALSO;;
42f1db40-b893-4a86-a6cf-8c9fe39e779b;Universidade Católica Portuguesa - Católica Porto Business School;2021-09-05 20:25:36;;;;FALSO;;
bb74742b-456a-4252-844a-8ca14adb9903;Universidade do Porto - Faculdade de Farmácia;2021-09-05 20:25:36;;;;FALSO;;
2726e1fb-fe63-4677-9638-8ca9463007f3;Instituto Politécnico de Viseu - Escola Superior Agrária de Viseu;2021-09-05 20:25:36;;;;FALSO;;
804dbe87-030c-4f5c-91af-8cdc939e9f4c;Universidade de Lisboa - Faculdade de Arquitetura;2021-09-05 20:25:36;;;;FALSO;;
e1feaa03-2e9c-4998-9e9d-8d01f85d532a;Instituto Politécnico de Santarém - Escola Superior Agrária de Santarém;2021-09-05 20:25:36;;;;FALSO;;
4de30720-9f60-4a6b-882a-8d1c49258d19;Instituto Universitário Militar - Academia da Força Aérea;2021-09-05 20:25:36;;;;FALSO;;
86bd889e-3d5e-44f6-8dca-8d390d8f9ddc;Universidade de Coimbra - Faculdade de Farmácia;2021-09-05 20:25:36;;;;FALSO;;
c101be33-91ea-4a60-9bad-8d9b9b2a34e0;Instituto Politécnico do Cávado e do Ave - Escola Superior de Gestão;2021-09-05 20:25:36;;;;FALSO;;
364714d8-e1f0-4b14-81d6-8dbd924f454a;Academia Nacional Superior de Orquestra;2021-09-05 20:25:36;;;;FALSO;;
c1263480-163c-45b8-89c6-8e40c785bb44;Universidade Lusófona do Porto;2021-09-05 20:25:36;;;;FALSO;;
28bceaf2-40ae-4906-899a-8e4c7b5f1312;Universidade dos Açores - Escola Superior de Saúde - Angra do Heroísmo;2021-09-05 20:25:36;;;;FALSO;;
359b0e60-d5c4-4b6a-860a-8ecd360d7c78;Universidade dos Açores - Faculdade de Economia e Gestão;2021-09-05 20:25:36;;;;FALSO;;
538e0a10-2411-4733-9ff8-8f8fe8315ece;IESB;2021-10-28 23:07:57;;;;VERDADEIRO;;
ac7da012-1b6d-44aa-83e3-90b204f9195e;Universidade de Lisboa - Faculdade de Direito;2021-09-05 20:25:36;;;;FALSO;;
a6f5cf2f-1179-45df-8acb-90f9a2eaa52b;ISEC;2021-09-05 20:25:36;;;;FALSO;;
3b4d8474-8957-42e5-a816-921961151433;Faculdade Impacta;2021-09-05 20:25:36;;;;FALSO;;
122ff171-a186-46bd-8646-92b8ca67276b;INDEG - ISCTE;2021-09-20 17:07:22;;;;VERDADEIRO;;
f64267b0-d9d5-48c8-839e-92c0cded908e;adsaasdasd;2021-09-05 20:25:36;;;;VERDADEIRO;;
59ed1270-8174-4a26-9228-933cec2983fa;Universidade da Beira Interior;2021-09-05 20:25:36;;;;FALSO;;
e2a5d903-3706-4149-b331-93ca3a1a3935;Instituto Politécnico de Castelo Branco - Escola Superior de Saúde Dr. Lopes Dias;2021-09-05 20:25:36;;;;FALSO;;
56dfaa83-6fe2-4efb-a573-944abae9bc44;Instituto Politécnico de Viana do Castelo - Escola Superior de Educação;2021-09-05 20:25:36;;;;FALSO;;
2d82fad3-db98-4374-8052-94e0bbec4fd1;Universidade do Porto - Faculdade de Ciências;2021-09-05 20:25:36;;;;FALSO;;
c68b6a86-dcda-406c-a58a-9550061602b1;nenhuma;2021-10-25 21:42:29;;;;VERDADEIRO;;
d3af61a0-76b7-4570-8058-95cc7566516d;iseg;2021-09-05 20:25:36;;;;VERDADEIRO;;
bee0cab8-f905-41eb-ab93-96631afd7a0a;Universidade Évora;2021-10-18 12:11:09;;;;VERDADEIRO;;
2e4ed441-df7b-4d6f-8f53-966d17748aff;Universidade do Algarve;2021-09-05 20:25:36;;;;FALSO;;
f578f760-4a14-42c6-8811-979c4df9178f;Instituto Politécnico de Lisboa;2021-09-05 20:25:36;;;;FALSO;;
43f1d7d7-9172-4131-812e-9822578efbcd;ISCAL;2021-10-08 12:11:53;;;;VERDADEIRO;;
805af711-e7fb-4e0d-a4f1-98dfc0d3beb3;Universidade de Pernambuco;2021-09-24 08:49:50;;;;VERDADEIRO;;
e304afb5-3c51-4005-94c6-98e1035a2337;Escola Superior de Educação de Lisboa;2021-09-05 20:25:36;;;;FALSO;;
ada742bc-b1e2-4e7d-b3a3-99b36cd6fbe1;Faculdade de Engenharia do Porto;2021-10-27 11:10:35;;;;VERDADEIRO;;
bd4661bc-4088-47ce-9b39-99c03a9034f1;Instituto Português de Administração de Marketing de Lisboa;2021-09-05 20:25:36;;;;FALSO;;
c13066b1-739d-4441-b90b-99cce9c36c53;Instituto de Estudos Interculturais e Transdisciplinares de Almada (ISEIT);2021-09-05 20:25:36;;;;FALSO;;
77146e1d-2055-487e-bfaa-9b363c850d75;UNIFATEA - Centro Universitário Teresa D;2021-09-16 11:30:25;;;;VERDADEIRO;;
1f1658fe-7430-4a1e-a5a9-9b719c8d9d9f;Instituto Politécnico de Viseu - Escola Superior de Educação de Viseu;2021-09-05 20:25:36;;;;FALSO;;
310d671d-7ef3-463f-a03b-9ba2c34b1209;Universidade do Porto - Faculdade de Engenharia;2021-09-05 20:25:36;;;;FALSO;;
87bf9fbd-a939-43b0-81ca-9d2d57dbe0dc;Universidade de Coimbra - Faculdade de Ciências do Desporto e Educação Física;2021-09-05 20:25:36;;;;FALSO;;
76cf0a3a-63c0-49db-8cbf-9d4b0428edd6;Universidade Lusíada;2021-09-05 20:25:36;;;;FALSO;;
f0c2d28c-d6ba-4a71-b1a7-9d5de41d0536;Instituto Politécnico da Lusofonia - Escola Superior de Saúde, Proteção e Bem-Estar Animal;2021-09-05 20:25:36;;;;FALSO;;
350975f6-b522-478a-8225-9d60bb688788;Universidade de Trás-os-Montes e Alto Douro - Escola Superior de Saúde;2021-09-05 20:25:36;;;;FALSO;;
88ed7f77-187e-4395-8044-9f20b46e26ab;Instituto Politécnico de Leiria - Escola Superior de Tecnologia e Gestão;2021-09-05 20:25:36;;;;FALSO;;
57e1ddcc-08a7-4545-852e-9f595b820a0b;Escola Superior de Educação de Fafe;2021-09-05 20:25:36;;;;FALSO;;
e3bd22b5-3d8d-404f-adb4-9ffee0ce4fac;Universidade Nova de Lisboa - Instituto de Higiene e Medicina Tropical;2021-09-05 20:25:36;;;;FALSO;;
946fdb4c-d3fe-49c7-9a73-a03911d00d3c;istec;2021-09-20 15:56:43;;;;VERDADEIRO;;
515275c6-50dc-48f7-85b3-a0489e643c1a;Instituto Politécnico Jean Piaget do Sul - Escola Superior de Saúde Jean Piaget do Algarve;2021-09-05 20:25:36;;;;FALSO;;
29546d96-f706-49fa-9a10-a095363452e0;Universidade de Coimbra - Faculdade de Psicologia e de Ciências da Educação;2021-09-05 20:25:36;;;;FALSO;;
c5b3711a-ad6e-4044-bd84-a0ae183adcc4;UFMG;2021-09-05 20:25:36;;;;FALSO;;
73cb4fff-e17a-4bf7-93f8-a0b301537baf;Instituto Politécnico da Maia - Escola Superior de Tecnologia e Gestão;2021-09-05 20:25:36;;;;FALSO;;
b3cf6343-78a1-4dbe-9f34-a0c0b46c0faf;Universidade de Lisboa - Faculdade;2021-09-05 20:25:36;;;;FALSO;;
d2f14126-53c6-4697-b820-a10e531d969c;Universidade de Coimbra - Faculdade de Direito;2021-09-05 20:25:36;;;;FALSO;;
cb1605e6-5cf0-4463-b044-a11f744d7467;Instituto Superior de Gestão;2021-09-05 20:25:36;;;;FALSO;;
77bde682-4466-4caf-8eee-a1992e411892;Universidade de Lisboa - Instituto Superior Técnico;2021-09-05 20:25:36;;;;FALSO;;
0459c402-fce8-4ff1-be7d-a1d91271b72b;Universidade Católica Porto;2021-09-05 20:25:36;;;;FALSO;;
ee3ad031-071c-45d0-a185-a3201a45867c;Escola Superior de Atividades Imobiliárias;2021-09-05 20:25:36;;;;FALSO;;
8b6eddc2-398f-4b1a-a186-a3259ad7937a;Escola Superior de Tecnologias de Fafe;2021-09-05 20:25:36;;;;FALSO;;
5642b757-5c76-480d-beb8-a44b97399808;Instituto Politécnico de Bragança - Escola Superior de Saúde de Bragança;2021-09-05 20:25:36;;;;FALSO;;
6d875b2b-387c-4139-ac42-a48cb8fc678f;UFP;2021-09-05 20:25:36;;;;FALSO;;
96986d5d-a9cd-49ad-b3cd-a492220fc045;lisn;2021-09-05 20:25:36;;;;FALSO;;
7a92491d-df40-4417-8b83-a4d1aa270ee6;Escola Superior de Artes e Design;2021-09-05 20:25:36;;;;FALSO;;
aa9706fd-b334-4e85-8e0c-a519e039203f;Universidade de Coimbra - Faculdade de Medicina;2021-09-05 20:25:36;;;;FALSO;;
01c95289-f8be-40c4-aa87-a58b0dc5cdaa;Instituto Politécnico de Setúbal - Escola Superior de Saúde;2021-09-05 20:25:36;;;;FALSO;;
64689f30-2720-4f2d-b924-a5dd26a8d91f;Instituto Universitário de Ciências da Saúde;2021-09-05 20:25:36;;;;FALSO;;
4d16bf09-5047-4120-8d7d-a636a2705728;Instituto Politécnico de Coimbra - Escola Superior de Tecnologia e Gestão de Oliveira do Hospital;2021-09-05 20:25:36;;;;FALSO;;
703b9209-b6c4-4201-acd2-a69f3d6e1c4e;Instituto Politécnico de Leiria - Escola Superior de Educação e Ciências Sociais;2021-09-05 20:25:36;;;;FALSO;;
f01b76e5-96f4-46af-8dd6-a845552e4b70;Instituto Politécnico de Coimbra - Instituto Superior de Engenharia de Coimbra;2021-09-05 20:25:36;;;;FALSO;;
d0fc1862-12d4-4401-afda-aa854db86532;Universidade Nova de Lisboa - Faculdade de Ciências Médicas;2021-09-05 20:25:36;;;;FALSO;;
07fe2ddf-3989-409b-8a77-aae41f02cbad;ISEP;2021-09-05 20:25:36;;;;FALSO;;
30df98e0-f038-4599-9ab1-aafa8f4836d8;Instituto Politécnico de Viana do Castelo - Escola Superior de Desporto e Lazer;2021-09-05 20:25:36;;;;FALSO;;
1deaf703-5e77-4470-9122-ac2ff132e596;Instituto Politécnico de Bragança - Escola Superior de Educação de Bragança;2021-09-05 20:25:36;;;;FALSO;;
ca607ec4-f1ef-4879-9af3-ace8d2c04b50;ISLA - Instituto Politécnico de Gestão e Tecnologia - Escola Superior de Tecnologia;2021-09-05 20:25:36;;;;FALSO;;
3ee4312a-f137-4efe-b29a-ad46b3d0dc0c;Universidade do Porto - Faculdade de Arquitetura;2021-09-05 20:25:36;;;;FALSO;;
f550d763-8ddb-40c6-9ff4-ae11ebb0cf20;aes;2021-09-05 20:25:36;;;;VERDADEIRO;;
5d6e2361-4693-42a7-8e8c-ae8227fa4b76;Instituto Politécnico de Setúbal - Escola Superior de Tecnologia do Barreiro;2021-09-05 20:25:36;;;;FALSO;;
f5dc8196-b5d6-4fe4-9e13-aee5fa84d77f;Instituto Português de Administração de Marketing do Porto;2021-09-05 20:25:36;;;;FALSO;;
b838f3c2-6dbe-4a2d-be0b-b0b89b854d7c;Universidade de Lisboa - Instituto Superior de Agronomia;2021-09-05 20:25:36;;;;FALSO;;
aaa4b207-b29c-430b-8b10-b1aff953cca1;Universidade Católica Portuguesa - Faculdade de Teologia (Porto);2021-09-05 20:25:36;;;;FALSO;;
5e178b0b-b38c-4589-8c2b-b378617a5b56;Instituto Politécnico da Lusofonia - Escola Superior de Educação da Lusofonia;2021-09-05 20:25:36;;;;FALSO;;
4aedfcb7-a2f9-4078-840e-b47d90ca53a2;Instituto Politécnico de Coimbra - Escola Superior de Educação de Coimbra;2021-09-05 20:25:36;;;;FALSO;;
2dd95f9b-48db-4911-a9f8-b59a5c3fd83a;Universidade de Lisboa - Instituto Superior de Economia e Gestão;2021-09-05 20:25:36;;;;FALSO;;
e5a101dc-5b27-40af-b679-b5bf2f4930c9;Universidade de Coimbra - Faculdade de Letras;2021-09-05 20:25:36;;;;FALSO;;
39beabd9-3acc-4774-9ae1-b6abcf453405;Instituto Politécnico de Viseu - Escola Superior de Tecnologia e Gestão de Viseu;2021-09-05 20:25:36;;;;FALSO;;
4653b5f8-fa69-4a4d-87aa-b6cdd53114df;Universidade Católica Portuguesa - Faculdade de Educação e Psicologia;2021-09-05 20:25:36;;;;FALSO;;
e496eafc-8d00-4715-8ee6-b77693441e10;Universidade do Algarve - Escola Superior de Gestão, Hotelaria e Turismo;2021-09-05 20:25:36;;;;FALSO;;
71420de3-b1cf-4233-af6e-b7c3b0f161df;Instituto Politécnico de Coimbra - Instituto Superior de Contabilidade e Administração de Coimbra;2021-09-05 20:25:36;;;;FALSO;;
22f33f30-1009-4256-a87c-b7d0dc702075;Escola Superior de Educação de João de Deus;2021-09-05 20:25:36;;;;FALSO;;
fad81387-af49-4e5a-899e-b7f248aa35b4;Instituto Superior de Tecnologias Avançadas de Lisboa;2021-09-05 20:25:36;;;;FALSO;;
71606218-1f9d-4cad-8c75-b8cb127f9be4;Instituto Superior de Ciências Educativas do Douro;2021-09-05 20:25:36;;;;FALSO;;
a50e59c1-f800-481f-83a1-b95f12cc07e8;ISAG;2021-10-21 10:42:05;;;;VERDADEIRO;;
14326591-ef78-460e-8c3d-b987da2ffbdf;Laureate - Universidade Salvador;2021-09-30 00:23:38;;;;VERDADEIRO;;
0797399e-f484-4589-8e29-bbb8574ff64b;Instituto Superior de Entre Douro e Vouga;2021-09-05 20:25:36;;;;FALSO;;
037f759e-b4ca-477b-861f-bbb9f253dd6b;Universidade Portucalense Infante D. Henrique;2021-09-05 20:25:36;;;;FALSO;;
29a19d32-429f-4104-8e1b-bc52cd497be1;42 Lisboa;2021-09-05 20:25:36;;;;FALSO;;
0d8b80fa-a29d-4ceb-a8cd-bce9c44f8f60;Universidade do Porto - Faculdade de Desporto;2021-09-05 20:25:36;;;;FALSO;;
28255ee5-c177-4755-87a0-bd0087b3363b;Instituto Universitário Militar - Escola Naval;2021-09-05 20:25:36;;;;FALSO;;
8c0d3e46-2c45-4e84-9ad5-bd2d64d426ba;CESPU - Instituto Politécnico de Saúde do Norte - Escola Superior de Saúde do Vale do Ave;2021-09-05 20:25:36;;;;FALSO;;
aaf3af50-f6a7-4a2d-830e-bf64b8e365d0;Instituto Politécnico do Porto - Escola Superior de Saúde;2021-09-05 20:25:36;;;;FALSO;;
454b8cf6-4c16-44cb-b051-bf8bcaa5c6c8;Instituto Politécnico de Lisboa - Escola Superior de Educação;2021-09-05 20:25:36;;;;FALSO;;
d12b2090-4c3b-4778-a498-bfd0130fc69c;ISAVE - Instituto Superior de Saúde;2021-09-05 20:25:36;;;;FALSO;;
880623ab-8f4b-4274-baa4-c063783cc230;asdada;2021-09-05 20:25:36;;;;VERDADEIRO;;
ea6f811d-b170-47f7-9023-c0a3dd8f9167;Instituto Politécnico de Tomar - Escola Superior de Gestão de Tomar;2021-09-05 20:25:36;;;;FALSO;;
40c04ba2-00ce-4d43-a13c-c18df47d8487;Universidade de Lisboa - Instituto de Educação;2021-09-05 20:25:36;;;;FALSO;;
d880e9ff-92e5-406a-b460-c19906fb1ad1;Universidade do Porto - Faculdade de Letras;2021-09-05 20:25:36;;;;FALSO;;
8519eb36-96c7-4fdd-bde1-c1e14363df4a;Universidade do Porto - Faculdade de Psicologia e de Ciências da Educação;2021-09-05 20:25:36;;;;FALSO;;
3cd4fa68-e328-44ef-b304-c246679617f1;Instituto Politécnico de Castelo Branco - Escola Superior de Gestão de Idanha-a-Nova;2021-09-05 20:25:36;;;;FALSO;;
a0726161-bc32-465f-a4c2-c287978f3626;asda;2021-09-05 20:25:36;;;;VERDADEIRO;;
b570e616-9c65-4224-a22d-c2c5d70f60db;Instituto Politécnico tomar;2021-10-15 15:13:48;;;;VERDADEIRO;;
42cebc1e-1292-42e7-9700-c3609f3b7df3;Universidade de Lisboa - Faculdade de Letras;2021-09-05 20:25:36;;;;FALSO;;
652c9805-3866-4eb8-923e-c363aaa00f7c;Instituto Politécnico de Portalegre - Escola Superior de Tecnologia e Gestão;2021-09-05 20:25:36;;;;FALSO;;
8c264561-0d29-41c1-aa8a-c39e331982b2;Instituto Politécnico de Lisboa - Escola Superior de Comunicação Social;2021-09-05 20:25:36;;;;FALSO;;
066bbaea-b1b7-43a9-8dd2-c4066b25375d;Instituto Politécnico de Santarém - Escola Superior de Educação de Santarém;2021-09-05 20:25:36;;;;FALSO;;
2629b597-4c47-4f31-a2c5-c43e18c278dc;UNIAESO - Barros Melo;2021-09-14 08:54:29;;;;VERDADEIRO;;
b5ee12de-2ed7-487f-92ad-c5123e34ed8d;Instituto Politécnico do Cávado e do Ave - Escola Superior de Hotelaria e Turismo;2021-09-05 20:25:36;;;;FALSO;;
5afd2ba0-2be7-4979-9ed1-c538e4be25b8;Instituto de Estudos Superiores Financeiros e Fiscais;2021-10-18 15:04:55;;;;VERDADEIRO;;
d994459c-015f-418a-8127-c5e8b5958163;Universidade de Évora - Escola Superior de Enfermagem de São João de Deus;2021-09-05 20:25:36;;;;FALSO;;
8f70e87a-4b21-4e5c-bcda-c646bea43303;Instituto Politécnico de Setúbal - Escola Superior de Educação;2021-09-05 20:25:36;;;;FALSO;;
189b546c-a03f-4c97-b0f2-c88f0cc95fa8;Instituto Politécnico do Porto - Escola Superior de Educação;2021-09-05 20:25:36;;;;FALSO;;
7fa8d208-5ab8-4a04-ba55-c8cfa6b4437a;Escola Superior de Saúde Egas Moniz;2021-09-05 20:25:36;;;;FALSO;;
cfd67c1c-ef3d-4944-95ea-cafdd531eac3;UFRGS;2021-09-05 20:25:36;;;;FALSO;;
8af3f9dd-8ce2-43e4-9316-cbeaf1c1c7e7;ISCTE - Instituto Universitário de Lisboa;2021-09-05 20:25:36;;;;FALSO;;
e9a5e7e2-5ea7-4146-b949-cc082e16499c;IE Business School;2021-10-14 21:42:07;;;;VERDADEIRO;;
68f57e84-f6cc-4fab-a800-cc16d76cf5ce;Escola Superior de Saúde do Alcoitão;2021-09-05 20:25:36;;;;FALSO;;
57b182d6-fe53-4345-ac45-ccb6dac8bbee;Universidade Católica Portuguesa - Faculdade de Teologia;2021-09-05 20:25:36;;;;FALSO;;
e0da7fb0-2ebf-40f8-bfaf-ccdd68171833;Instituto Politécnico da Guarda - Escola Superior de Saúde da Guarda;2021-09-05 20:25:36;;;;FALSO;;
b82f8345-f53a-4ed1-8c50-cd4bc9a7743a;Universidade Lusíada - Norte - Porto;2021-09-05 20:25:36;;;;FALSO;;
2cf55041-30ac-41ca-8220-cdd0998a6aee;Universidade do Sul de Santa Catarina;2021-09-13 19:19:47;;;;VERDADEIRO;;
b24b0e30-6381-46b8-8756-ce1438b90373;Instituto Politécnico de Bragança - Escola Superior de Comunicação, Administração e Turismo de Mirandela;2021-09-05 20:25:36;;;;FALSO;;
1e3fed5b-0c29-4c8b-a663-ce6febe65c73;FFUL;2021-09-15 22:59:33;;;;VERDADEIRO;;
e5e2c8d7-5ef3-4f46-b555-cec95fdbed96;Universidade de Lisboa - Faculdade de Psicologia;2021-09-05 20:25:36;;;;FALSO;;
248cfb53-6236-4b6a-8e1c-cf2f2674322e;Universidade de Aveiro - Escola Superior de Saúde de Aveiro;2021-09-05 20:25:36;;;;FALSO;;
f83a4384-dcf9-43ec-8b91-cfe5dc1adaaa;Universidade dos Açores - Faculdade de Ciências Sociais e Humanas;2021-09-05 20:25:36;;;;FALSO;;
31e572aa-bc0b-41ce-8425-d0add4e88b0b;Instituto Politécnico de Viana do Castelo - Escola Superior Agrária;2021-09-05 20:25:36;;;;FALSO;;
9791475d-4655-441e-ba97-d0c289ccd7ed;Centro Universitário da FEI;2021-09-16 20:09:34;;;;VERDADEIRO;;
487eb0de-7b3e-45d3-972f-d16344dd96aa;Escola Superior de Saúde Jean Piaget de Vila Nova de Gaia;2021-09-05 20:25:36;;;;FALSO;;
f72c8b66-2622-4464-9b61-d2119410cf1b;Universidade de Aveiro - Escola Superior de Design, Gestão e Tecnologia da Produção de Aveiro-Norte;2021-09-05 20:25:36;;;;FALSO;;
6b6c4d8d-7c0a-4c54-a018-d4024db34244;Escola Superior de Enfermagem do Porto;2021-09-05 20:25:36;;;;FALSO;;
fd12a6ca-b321-4db8-93fd-d76d1381cf31;Universidade do Porto - Faculdade de Direito;2021-09-05 20:25:36;;;;FALSO;;
4b827195-131e-436e-8c16-d80b89ae1536;Instituto Federal de Minas Gerais;2021-09-05 20:25:36;;;;FALSO;;
e5705770-19a4-441d-952e-d825a895b932;Universidade do Algarve - Faculdade de Ciências Humanas e Sociais;2021-09-05 20:25:36;;;;FALSO;;
9568431b-9d45-4b36-9c14-d8cf6f607bb0;CETEC UCS;2021-09-14 17:26:03;;;;VERDADEIRO;;
c8dbb07a-2f6e-4fde-8deb-da10a354551a;Instituto Superior de Ciências  Sociais e Políticas;2021-10-27 12:51:42;;;;VERDADEIRO;;
6ddc8bdb-0b0d-4d32-8e77-da199f851671;Escola Universitária Vasco da Gama;2021-09-05 20:25:36;;;;FALSO;;
408a3237-9dd7-4b0c-91f7-da433616480d;Universidade do Algarve - Faculdade de Ciências e Tecnologia;2021-09-05 20:25:36;;;;FALSO;;
42ac0fbe-b670-4871-888c-db57a9a3b6d3;Instituto Politécnico de Leiria - Escola Superior de Turismo e Tecnologia do Mar;2021-09-05 20:25:36;;;;FALSO;;
7b518d97-cb07-4e76-8e10-dba0f317347d;Universidade Católica Portuguesa - Escola Superior Politécnica de Saúde (Lisboa);2021-09-05 20:25:36;;;;FALSO;;
0cf9afb3-ea30-4c67-b4ac-dbe127b8e81a;UniCesumar;2021-09-05 20:25:36;;;;FALSO;;
92e28a58-9bac-415a-83c0-dce38872c20e;Universidade de Lisboa - ISEG;2021-10-19 16:17:44;;;;VERDADEIRO;;
2cb33082-0ef5-4b93-b503-dd4ff69c2566;Instituto Politécnico de Viana do Castelo - Escola Superior de Saúde;2021-09-05 20:25:36;;;;FALSO;;
a2ba9cf3-0e7d-4731-9e59-dd92bcac7c3e;Atlântica - Esc. Univ. de Ciências Empresariais, Saúde, Tecnologias e Engenharia;2021-09-05 20:25:36;;;;FALSO;;
211b3029-66da-4e28-a814-de991258c38e;Escola Superior de Saúde Atlântica;2021-09-05 20:25:36;;;;FALSO;;
803b5596-980c-449d-b883-deede52c7af9;Instituto Politécnico da Guarda - Escola Superior de Tecnologia e Gestão;2021-09-05 20:25:36;;;;FALSO;;
8e6842a6-1158-4287-b9e1-e072b4b7a623;Universidade da Madeira - Faculdade de Ciências da Vida;2021-09-05 20:25:36;;;;FALSO;;
7e774607-8fed-4448-b14a-e0d55619b0ea;Universidad Politecnica de Victoria;2021-10-01 11:53:53;;;;VERDADEIRO;;
4c5aa7c0-b21d-42ae-b0a5-e0ff8cb3613a;Escola Superior de Enfermagem São Francisco das Misericórdias;2021-09-05 20:25:36;;;;FALSO;;
c1cc382a-9b25-4b90-ab1b-e2424e09e408;Universidade de Trás-os-Montes e Alto Douro - Escola de Ciências e Tecnologia;2021-09-05 20:25:36;;;;FALSO;;
537ca5fa-f458-44a4-9199-e286dde92651;CESPU - Instituto Politécnico de Saúde do Norte - Escola Superior de Saúde do Vale do Sousa;2021-09-05 20:25:36;;;;FALSO;;
5f06ba1c-8654-494f-85bf-e2a7e121e554;Universidade Católica Portuguesa - Escola das Artes;2021-09-05 20:25:36;;;;FALSO;;
0522c2c5-b5a1-493d-b39b-e386a2f6b538;Universidade de Lisboa - Faculdade de Farmácia;2021-09-05 20:25:36;;;;FALSO;;
5a7ec080-6348-4aed-9c08-e3c89316d8fc;Instituto Politécnico de Setúbal - Escola Superior de Ciências Empresariais;2021-09-05 20:25:36;;;;FALSO;;
bbceb159-5b4e-48cf-8ad2-e50830f66941;Instituto Politécnico do Porto - Instituto Superior de Engenharia do Porto;2021-09-05 20:25:36;;;;FALSO;;
65ba9098-855a-4964-8de8-e68481a5e6df;Universidade Fernando Pessoa - Escola Superior de Saúde;2021-09-05 20:25:36;;;;FALSO;;
849a82ed-b13a-49df-adb1-e71560fe9f5f;Università di Padova;2021-09-28 11:04:08;;;;VERDADEIRO;;
a14dd991-55a0-4169-8fa5-e862979f64ca;Universidade Católica Portuguesa - Faculdade de Teologia (Braga);2021-09-05 20:25:36;;;;FALSO;;
d0898f68-5ba0-4932-a8db-e8849881ca5c;Universidade dos Açores - Faculdade de Ciências Agrárias e do Ambiente;2021-09-05 20:25:36;;;;FALSO;;
d2f52d03-3399-4ee3-a39a-e93dfd8f4454;Universidade de Lisboa - Faculdade de Medicina Dentária;2021-09-05 20:25:36;;;;FALSO;;
1012ac33-a349-4f73-9a08-e94d10be6c01;Escola Superior Náutica Infante D. Henrique;2021-09-05 20:25:36;;;;FALSO;;
7e88b525-f93e-44f2-a3b7-ea39e30bfe00;Instituto Politécnico da Maia - Escola Superior de Ciências Sociais, Educação e Desporto;2021-09-05 20:25:36;;;;FALSO;;
1bb47884-2085-47ba-b09b-ea5ad799aaab;ipam Porto;2021-09-05 20:25:36;;;;VERDADEIRO;;
afc3accd-5ab2-4395-8501-ec4a4d1b755f;_;2021-10-14 21:41:43;;;;VERDADEIRO;;
86523422-fa05-4efd-9fd1-ec6acab5e0e2;Instituto Superior de Administração e Gestão;2021-09-05 20:25:36;;;;FALSO;;
13066d50-c17a-44d4-b36c-ece51c1757c9;Faculdade de Economia do Porto;2021-09-05 20:25:36;;;;FALSO;;
33f5d220-9d31-47a0-9c83-eee217535b9e;Instituto Politécnico da Guarda - Escola Superior de Educação, Comunicação e Desporto;2021-09-05 20:25:36;;;;FALSO;;
fc785ad1-0969-4af4-aa7e-ef63e5c77b07;Escola Superior de Enfermagem de São José de Cluny;2021-09-05 20:25:36;;;;FALSO;;
c8c35221-cbca-4ab2-93e0-efded34f1cd5;Instituto Politécnico de Bragança - Escola Superior Agrária de Bragança;2021-09-05 20:25:36;;;;FALSO;;
6ce49532-36dd-43f0-add1-f07b70702524;Instituto Universitário Egas Moniz;2021-09-05 20:25:36;;;;FALSO;;
d61ad1d4-dca3-4755-a29c-f11e678feeab;Universidade Católica Portuguesa - Faculdade de Ciências Económicas e Empresariais;2021-09-05 20:25:36;;;;FALSO;;
e7d61583-f5fa-4d19-aa82-f12085528744;Instituto Politécnico da Lusofonia - Escola Superior de Saúde Ribeiro Sanches;2021-09-05 20:25:36;;;;FALSO;;
7c50eef9-158f-451c-8794-f125d93af678;Universidade Católica Portuguesa - Escola Superior Politécnica de Saúde (Porto);2021-09-05 20:25:36;;;;FALSO;;
ef4d2b8d-0b62-49f1-b1ef-f1e120f428a6;ISCAL;2021-09-20 17:06:09;;;;VERDADEIRO;;
6bf37e0a-5570-4b4e-a168-f2e45faa2464;Instituto dos Pupilos do Exército;2021-09-26 08:17:44;;;;VERDADEIRO;;
e090f547-dc16-4b08-bfba-f3a0dd10ddfa;reqwrewq;2021-11-05 14:03:35;;;;VERDADEIRO;;
d43929fb-5b34-4bc3-a7e9-f3f36eb69212;Universidade Católica Portuguesa - Faculdade de Economia e Gestão;2021-09-05 20:25:36;;;;FALSO;;
17d45d4a-ea54-494c-a25d-f4c74339ef11;Katholische Universität Eichstätt-Ingolstadt;2021-09-05 20:25:36;;;;FALSO;;
23dc6e27-08ec-4b7c-92c3-f6d1cba6cc71;university of derby;2021-09-05 20:25:36;;;;FALSO;;
edad1cea-eef6-432e-a196-f6e9f12b4b7a;Instituto Politécnico de Setúbal - Escola Superior de Tecnologia de Setúbal;2021-09-05 20:25:36;;;;FALSO;;
c5703ecb-ea39-41ba-b18f-f728c648201a;Instituto Politécnico do Cávado e do Ave - Escola Superior de Design;2021-09-05 20:25:36;;;;FALSO;;
d39c2766-504e-43e5-b0d5-f7c83ef21662;Instituto Superior de Serviço Social do Porto;2021-09-05 20:25:36;;;;FALSO;;
70ed0f4b-a0cb-4e83-9ecf-f80a34a1164f;Universidade de Lisboa - Instituto Superior de Ciências Sociais e Políticas;2021-09-05 20:25:36;;;;FALSO;;
257f38f7-995d-4bd0-851d-f80df48dffe9;Instituto Politécnico de Viseu - Escola Superior de Tecnologia e Gestão de Lamego;2021-09-05 20:25:36;;;;FALSO;;
3dfbc40c-27bd-43f7-bf73-f86a88270a0e;Universidade Nova de Lisboa - Faculdade de Direito;2021-09-05 20:25:36;;;;FALSO;;
acd84050-dc79-4310-a86c-f909088b0415;Universidade de Aveiro - Instituto Superior de Contabilidade e Administração de Aveiro;2021-09-05 20:25:36;;;;FALSO;;
ed8ca8bb-99a9-431c-bb59-f9558fd14416;Universidade Católica Portuguesa - Instituto de Estudos Políticos;2021-09-05 20:25:36;;;;FALSO;;
f4c8a8ff-2bbe-4e7f-a46a-f98642b8613e;Instituto Superior de Administração e Línguas;2021-09-05 20:25:36;;;;FALSO;;
a1107698-c74c-470e-b4d8-f9b07b49e874;Universidade da Madeira - Escola Superior de Saúde;2021-09-05 20:25:36;;;;FALSO;;
a2d372cb-b513-44c2-bda7-f9b2e10d0ac3;Escola Superior de Saúde de Santa Maria;2021-09-05 20:25:36;;;;FALSO;;
ea037857-e8f8-4cf7-83e5-fae37ad00e3d;Universidade Federal de Pernambuco;2021-10-28 22:45:39;;;;VERDADEIRO;;
a05f9eb2-b483-4b36-925a-fcfa25c88b9a;ISPA - Instituto Universitário de Ciências Psicológicas, Sociais e da Vida;2021-09-05 20:25:36;;;;FALSO;;
49e96891-fc13-4757-a385-fdc393ae6280;Escola Superior de Tecnogia e Gestão de Águeda;2021-10-28 13:10:11;;;;VERDADEIRO;;
80e558a7-9d8c-46ee-9430-fdcb2798d21e;Universidade do Algarve - Escola Superior de Gestão, Hotelaria e Turismo (Portimão);2021-09-05 20:25:36;;;;FALSO;;
6641a4bd-e7c0-40e9-bbb2-fe457bccd299;Instituto Politécnico de Lisboa - Instituto Superior de Contabilidade e Administração de Lisboa;2021-09-05 20:25:36;;;;FALSO;;
6e1cd0f3-df0c-4b84-a8f3-febc7f5253c0;sem universidade;2021-09-05 20:25:36;;;;FALSO;;
cdacb876-ca99-4885-91da-febd806b5f12;Instituto Universitário Militar - Academia Militar;2021-09-05 20:25:36;;;;FALSO;;
fa001129-5e8e-4440-91dd-fed1790f0f04;Instituto Politécnico de Beja - Escola Superior de Saúde;2021-09-05 20:25:36;;;;FALSO;;
e82a43bc-4bec-4a8d-a99b-ff527edf605c;Universidade do Algarve - Escola Superior de Educação e Comunicação;2021-09-05 20:25:36;;;;FALSO;;
f6cd80aa-de34-4230-931d-ff863e68ef26;ISLA - Instituto Politécnico de Gestão e Tecnologia - Escola Superior de Gestão;2021-09-05 20:25:36;;;;FALSO;;
